{
	"class_name" : "PinholeCameraParameters",
	"extrinsic" : 
	[
		0.5047883961949835,
		-0.8340515906946151,
		0.22259069865265882,
		0.0,
		0.85408598016679116,
		0.44508654671369863,
		-0.26913770530530684,
		0.0,
		0.12540260583188825,
		0.3259691856514309,
		0.9370262944316532,
		0.0,
		-0.71926595389315506,
		0.043471922849060651,
		1.859552664979131,
		1.0
	],
	"intrinsic" : 
	{
		"height" : 1055,
		"intrinsic_matrix" : 
		[
			913.65680099258282,
			0.0,
			0.0,
			0.0,
			913.65680099258282,
			0.0,
			959.5,
			527.0,
			1.0
		],
		"width" : 1920
	},
	"version_major" : 1,
	"version_minor" : 0
}