{
	"class_name" : "PinholeCameraParameters",
	"extrinsic" : 
	[
		-0.10505117409097096,
		0.98679555611442948,
		0.12328333729633753,
		0.0,
		-0.99373667260743659,
		-0.10891389893464684,
		0.025003762395967591,
		0.0,
		0.03810087055710118,
		-0.11988449879641468,
		0.99205646543486814,
		0.0,
		0.48972708337326221,
		-0.43144805710313661,
		3.262354621990148,
		1.0
	],
	"intrinsic" : 
	{
		"height" : 1055,
		"intrinsic_matrix" : 
		[
			913.65680099258282,
			0.0,
			0.0,
			0.0,
			913.65680099258282,
			0.0,
			959.5,
			527.0,
			1.0
		],
		"width" : 1920
	},
	"version_major" : 1,
	"version_minor" : 0
}