{
	"class_name" : "PinholeCameraParameters",
	"extrinsic" : 
	[
		-0.99642686247175338,
		0.084445257592450224,
		0.0015831029158447287,
		0.0,
		-0.081247703531966878,
		-0.96348019172485488,
		0.25515628705681265,
		0.0,
		0.023072026687723974,
		0.2541159550755947,
		0.96689852774763252,
		0.0,
		0.52742600804087225,
		0.31056082569703425,
		2.4544335594420796,
		1.0
	],
	"intrinsic" : 
	{
		"height" : 1055,
		"intrinsic_matrix" : 
		[
			913.65680099258282,
			0.0,
			0.0,
			0.0,
			913.65680099258282,
			0.0,
			959.5,
			527.0,
			1.0
		],
		"width" : 1920
	},
	"version_major" : 1,
	"version_minor" : 0
}