{
	"class_name" : "PinholeCameraParameters",
	"extrinsic" : 
	[
		-0.78604742976082864,
		0.61816366801656164,
		-0.0017657040254838129,
		0.0,
		-0.58027329146607054,
		-0.73687591024343457,
		0.34683829101476482,
		0.0,
		0.21310172542128381,
		0.27365593808141653,
		0.93792328160423222,
		0.0,
		-0.24112343834399524,
		-0.17065059273129846,
		1.8898671309133377,
		1.0
	],
	"intrinsic" : 
	{
		"height" : 1055,
		"intrinsic_matrix" : 
		[
			913.65680099258282,
			0.0,
			0.0,
			0.0,
			913.65680099258282,
			0.0,
			959.5,
			527.0,
			1.0
		],
		"width" : 1920
	},
	"version_major" : 1,
	"version_minor" : 0
}