{
	"class_name" : "PinholeCameraParameters",
	"extrinsic" : 
	[
		0.98807627299955858,
		-0.083468014343676761,
		-0.12937685000349083,
		0.0,
		0.14556787513919719,
		0.23272511175153884,
		0.96158671792391814,
		0.0,
		-0.050152492089238186,
		-0.96895413355935356,
		0.24210042254296332,
		0.0,
		-0.11277585795923614,
		0.36533830040889004,
		3.4394998503232856,
		1.0
	],
	"intrinsic" : 
	{
		"height" : 1055,
		"intrinsic_matrix" : 
		[
			913.65680099258282,
			0.0,
			0.0,
			0.0,
			913.65680099258282,
			0.0,
			959.5,
			527.0,
			1.0
		],
		"width" : 1920
	},
	"version_major" : 1,
	"version_minor" : 0
}