{
	"class_name" : "PinholeCameraParameters",
	"extrinsic" : 
	[
		0.85784432674228628,
		0.014288718229626867,
		-0.51371095336524408,
		0.0,
		-0.020977620072705244,
		-0.99780663898840516,
		-0.062784159202363923,
		0.0,
		-0.51348130494903022,
		0.064635467987915696,
		-0.85566302113964476,
		0.0,
		0.017149063007532828,
		0.15002383383116746,
		5.9056589723174202,
		1.0
	],
	"intrinsic" : 
	{
		"height" : 1055,
		"intrinsic_matrix" : 
		[
			913.65680099258282,
			0.0,
			0.0,
			0.0,
			913.65680099258282,
			0.0,
			959.5,
			527.0,
			1.0
		],
		"width" : 1920
	},
	"version_major" : 1,
	"version_minor" : 0
}