{
	"class_name" : "PinholeCameraParameters",
	"extrinsic" : 
	[
		-0.99973409658753654,
		0.0044740593999933994,
		0.022621204936687553,
		0.0,
		0.0066880628418877148,
		-0.88257064232632199,
		0.47013224854196772,
		0.0,
		0.022068210976996922,
		0.47015853081294706,
		0.88230604099036181,
		0.0,
		-0.095426239431281312,
		-0.34015219334700841,
		1.7512439459212663,
		1.0
	],
	"intrinsic" : 
	{
		"height" : 1055,
		"intrinsic_matrix" : 
		[
			913.65680099258282,
			0.0,
			0.0,
			0.0,
			913.65680099258282,
			0.0,
			959.5,
			527.0,
			1.0
		],
		"width" : 1920
	},
	"version_major" : 1,
	"version_minor" : 0
}