{
	"class_name" : "PinholeCameraParameters",
	"extrinsic" : 
	[
		0.24211670055859719,
		0.19770293548703605,
		-0.94989107407661622,
		0.0,
		-0.1879686650255748,
		-0.95091372438795196,
		-0.24582691011998131,
		0.0,
		-0.9518651607654951,
		0.23806855750065559,
		-0.19307013660956268,
		0.0,
		0.048172788015520052,
		0.087591994016046559,
		6.2082768390394634,
		1.0
	],
	"intrinsic" : 
	{
		"height" : 1055,
		"intrinsic_matrix" : 
		[
			913.65680099258282,
			0.0,
			0.0,
			0.0,
			913.65680099258282,
			0.0,
			959.5,
			527.0,
			1.0
		],
		"width" : 1920
	},
	"version_major" : 1,
	"version_minor" : 0
}