{
	"class_name" : "PinholeCameraParameters",
	"extrinsic" : 
	[
		0.84551837294980925,
		0.53310674040623229,
		-0.029931327029542491,
		0.0,
		-0.4255436890822053,
		0.70665903839181343,
		0.56528362097398965,
		0.0,
		0.32250775135896304,
		-0.46522060013782696,
		0.82435340935838053,
		0.0,
		-0.14181169573507468,
		0.36359894299044715,
		2.2804081148463435,
		1.0
	],
	"intrinsic" : 
	{
		"height" : 1055,
		"intrinsic_matrix" : 
		[
			913.65680099258282,
			0.0,
			0.0,
			0.0,
			913.65680099258282,
			0.0,
			959.5,
			527.0,
			1.0
		],
		"width" : 1920
	},
	"version_major" : 1,
	"version_minor" : 0
}