{
	"class_name" : "PinholeCameraParameters",
	"extrinsic" : 
	[
		0.34796833122726156,
		-0.81834151069585126,
		0.45742235661907343,
		0.0,
		0.57464461429082037,
		-0.19933463830148834,
		-0.79375642941633495,
		0.0,
		0.74074395558078576,
		0.53905739383227724,
		0.40089340032642595,
		0.0,
		-0.30032331299367598,
		-0.52975802539911476,
		0.53734256701903638,
		1.0
	],
	"intrinsic" : 
	{
		"height" : 1055,
		"intrinsic_matrix" : 
		[
			913.65680099258282,
			0.0,
			0.0,
			0.0,
			913.65680099258282,
			0.0,
			959.5,
			527.0,
			1.0
		],
		"width" : 1920
	},
	"version_major" : 1,
	"version_minor" : 0
}