{
	"class_name" : "PinholeCameraParameters",
	"extrinsic" : 
	[
		0.01318091998692221,
		-0.075530762486363784,
		0.99705635109883672,
		0.0,
		0.74386002713142674,
		-0.66561356825414186,
		-0.060256433615193158,
		0.0,
		0.66820544998101572,
		0.74246459961012123,
		0.04741091584699627,
		0.0,
		-0.19232675035210434,
		-0.83909941799802901,
		1.135680270535977,
		1.0
	],
	"intrinsic" : 
	{
		"height" : 1055,
		"intrinsic_matrix" : 
		[
			913.65680099258282,
			0.0,
			0.0,
			0.0,
			913.65680099258282,
			0.0,
			959.5,
			527.0,
			1.0
		],
		"width" : 1920
	},
	"version_major" : 1,
	"version_minor" : 0
}